{
  "total_mcqs_examined": 38,
  "mcqs_updated": 0,
  "mcqs_with_year_updates": 0,
  "mcqs_with_exam_type_updates": 32,
  "match_qualities": [
    0.9089430894308943,
    0.8892177589852008,
    0.0,
    0.8838046272493574,
    0.891285081240768,
    0.8677265500794913,
    0.9734375,
    0.9685325264750377,
    0.0,
    0.0,
    0.9882736156351792,
    0.917948717948718,
    0.8536964980544748,
    0.8962962962962964,
    0.7542168674698795,
    0.868103448275862,
    0.8961538461538461,
    0.0,
    1.0523489932885906,
    0.9002518891687659,
    0.9792915531335149,
    0.9432432432432432,
    0.9692307692307693,
    0.9252124645892352,
    0.9750865051903115,
    0.0,
    0.831578947368421,
    0.8413994169096211,
    0.8700507614213198,
    0.8413301662707839,
    0.9561327561327562,
    0.7301587301587302,
    0.7915492957746479,
    0.8598837209302326,
    0.9412587412587412,
    0.9404426559356136,
    0.9052280311457175,
    0.0
  ],
  "year_distribution": {},
  "exam_type_distribution": {
    "Unknown": 32
  }
}